{"Epoch":{"0":1,"1":2,"2":3,"3":4,"4":5,"5":6,"6":7,"7":8,"8":9,"9":10,"10":11,"11":12,"12":13,"13":14,"14":15,"15":16,"16":17,"17":18,"18":19,"19":20,"20":21,"21":22,"22":23,"23":24,"24":25,"25":26,"26":27,"27":28,"28":29,"29":30,"30":31,"31":32,"32":33,"33":34,"34":35,"35":36,"36":37,"37":38,"38":39,"39":40},"Train Loss":{"0":0.0217659674,"1":0.0164466746,"2":0.0143239556,"3":0.0038295101,"4":0.0081935515,"5":0.0135853415,"6":0.0059668114,"7":0.0046723671,"8":0.0034851692,"9":0.0045114698,"10":0.0041748035,"11":0.0050404774,"12":0.0018836507,"13":0.003774088,"14":0.0031720709,"15":0.0030006976,"16":0.0010852146,"17":0.000333351,"18":0.0008660766,"19":0.0004409196,"20":0.0035051551,"21":0.0013895451,"22":0.0004332524,"23":0.001183156,"24":0.0002638632,"25":0.0001238157,"26":0.0009052601,"27":0.0001867605,"28":0.0033684479,"29":0.0008804549,"30":0.0006160019,"31":0.0001565405,"32":0.0002174893,"33":0.0002062719,"34":0.000169847,"35":0.0003526503,"36":0.0001640092,"37":0.0000500301,"38":0.0048086512,"39":0.0006356166},"Train Accuracy":{"0":58.6956521739,"1":73.9130434783,"2":80.4347826087,"3":97.8260869565,"4":93.4782608696,"5":94.5652173913,"6":94.5652173913,"7":94.5652173913,"8":96.7391304348,"9":95.652173913,"10":95.652173913,"11":96.7391304348,"12":100.0,"13":95.652173913,"14":96.7391304348,"15":97.8260869565,"16":98.9130434783,"17":100.0,"18":98.9130434783,"19":100.0,"20":94.5652173913,"21":98.9130434783,"22":100.0,"23":97.8260869565,"24":100.0,"25":100.0,"26":98.9130434783,"27":100.0,"28":95.652173913,"29":98.9130434783,"30":98.9130434783,"31":100.0,"32":100.0,"33":100.0,"34":100.0,"35":100.0,"36":100.0,"37":100.0,"38":96.7391304348,"39":98.9130434783},"Test Loss":{"0":0.028902111,"1":0.0292418823,"2":0.0291990067,"3":0.0444637785,"4":0.0368831282,"5":0.1170465449,"6":0.0258501545,"7":0.0325681741,"8":0.0374874348,"9":0.074958081,"10":0.1293637753,"11":0.0937654575,"12":0.0723823905,"13":0.0167812941,"14":0.0355791847,"15":0.0775086085,"16":0.0052344551,"17":0.0362585758,"18":0.054620107,"19":0.0416183745,"20":0.0004594379,"21":0.1369800965,"22":0.127557526,"23":0.0891762972,"24":0.0113755204,"25":0.0005320963,"26":0.0001377977,"27":0.0001099153,"28":0.0063856157,"29":0.0897377829,"30":0.1977393826,"31":0.2236091892,"32":0.2032533685,"33":0.1336125632,"34":0.0015284138,"35":0.0512068123,"36":0.1257175505,"37":0.165068835,"38":0.0944307148,"39":0.307501177},"Test Accuracy":{"0":50.0,"1":50.0,"2":50.0,"3":50.0,"4":45.8333333333,"5":66.6666666667,"6":62.5,"7":58.3333333333,"8":62.5,"9":58.3333333333,"10":50.0,"11":50.0,"12":54.1666666667,"13":91.6666666667,"14":83.3333333333,"15":66.6666666667,"16":95.8333333333,"17":75.0,"18":62.5,"19":70.8333333333,"20":100.0,"21":62.5,"22":66.6666666667,"23":75.0,"24":91.6666666667,"25":100.0,"26":100.0,"27":100.0,"28":95.8333333333,"29":58.3333333333,"30":50.0,"31":54.1666666667,"32":62.5,"33":62.5,"34":100.0,"35":87.5,"36":66.6666666667,"37":66.6666666667,"38":70.8333333333,"39":58.3333333333}}