{"Epoch":{"0":1,"1":2,"2":3,"3":4,"4":5,"5":6,"6":7,"7":8,"8":9,"9":10,"10":11,"11":12,"12":13,"13":14,"14":15,"15":16,"16":17,"17":18,"18":19,"19":20,"20":21,"21":22,"22":23,"23":24,"24":25,"25":26,"26":27,"27":28,"28":29,"29":30,"30":31,"31":32,"32":33,"33":34,"34":35,"35":36,"36":37,"37":38,"38":39,"39":40,"40":41,"41":42,"42":43,"43":44,"44":45,"45":46,"46":47,"47":48,"48":49,"49":50,"50":51,"51":52,"52":53,"53":54,"54":55,"55":56,"56":57,"57":58,"58":59,"59":60,"60":61,"61":62,"62":63,"63":64,"64":65,"65":66,"66":67,"67":68,"68":69,"69":70,"70":71,"71":72,"72":73,"73":74,"74":75,"75":76,"76":77,"77":78,"78":79,"79":80,"80":81,"81":82,"82":83,"83":84,"84":85,"85":86,"86":87,"87":88,"88":89,"89":90,"90":91,"91":92,"92":93,"93":94,"94":95,"95":96,"96":97,"97":98,"98":99,"99":100},"Train Loss":{"0":0.0166639491,"1":0.012947277,"2":0.0107342968,"3":0.0093449921,"4":0.0084336167,"5":0.0074941382,"6":0.0066993554,"7":0.0061333948,"8":0.0054897849,"9":0.0049582058,"10":0.0045299699,"11":0.0040765206,"12":0.0036904817,"13":0.0033269881,"14":0.0030197336,"15":0.0027396862,"16":0.0025656818,"17":0.0021655837,"18":0.0019441117,"19":0.0017764541,"20":0.001708861,"21":0.0014882262,"22":0.001417757,"23":0.0012653823,"24":0.0011332021,"25":0.0010455121,"26":0.0009770022,"27":0.0008721023,"28":0.0008478431,"29":0.0007768786,"30":0.0007229775,"31":0.0006498736,"32":0.0006435318,"33":0.0006369523,"34":0.0005518491,"35":0.0005253875,"36":0.0005152747,"37":0.0004574812,"38":0.0004795002,"39":0.0004320197,"40":0.0003993723,"41":0.0003840315,"42":0.0003931193,"43":0.0003667266,"44":0.0004227828,"45":0.0003440146,"46":0.0003341101,"47":0.0003586951,"48":0.0003030078,"49":0.0002921745,"50":0.0003022799,"51":0.0002559617,"52":0.000306164,"53":0.0002788576,"54":0.000219836,"55":0.0002568805,"56":0.0002505189,"57":0.0002003376,"58":0.0002298537,"59":0.0002544044,"60":0.0002391957,"61":0.0002173026,"62":0.0002353413,"63":0.0002060019,"64":0.0002229159,"65":0.0002010949,"66":0.0002399613,"67":0.0001982895,"68":0.0002176183,"69":0.0001989274,"70":0.0001795756,"71":0.0001687518,"72":0.0001912048,"73":0.0001963238,"74":0.0001907628,"75":0.000209097,"76":0.0001803136,"77":0.0001631433,"78":0.0001590291,"79":0.0001679388,"80":0.000205009,"81":0.0001590453,"82":0.0001494545,"83":0.0001624446,"84":0.0001760575,"85":0.0001681159,"86":0.0001634816,"87":0.0001642807,"88":0.0001506204,"89":0.0001454036,"90":0.0001495439,"91":0.0001408149,"92":0.0001190219,"93":0.0001411972,"94":0.0001479502,"95":0.0001510714,"96":0.0001684406,"97":0.0001382606,"98":0.0001481486,"99":0.0001498761},"Train Accuracy":{"0":17.466,"1":36.24,"2":49.36,"3":56.668,"4":61.622,"5":66.25,"6":70.042,"7":72.622,"8":75.746,"9":78.038,"10":79.976,"11":82.004,"12":83.714,"13":85.454,"14":86.85,"15":88.048,"16":88.666,"17":90.466,"18":91.644,"19":92.308,"20":92.51,"21":93.704,"22":93.928,"23":94.464,"24":95.146,"25":95.48,"26":95.766,"27":96.226,"28":96.344,"29":96.676,"30":96.888,"31":97.2,"32":97.228,"33":97.242,"34":97.676,"35":97.708,"36":97.78,"37":98.066,"38":97.994,"39":98.228,"40":98.31,"41":98.336,"42":98.274,"43":98.456,"44":98.19,"45":98.544,"46":98.544,"47":98.46,"48":98.726,"49":98.762,"50":98.76,"51":98.91,"52":98.67,"53":98.856,"54":99.02,"55":98.954,"56":98.922,"57":99.174,"58":98.986,"59":98.93,"60":99.032,"61":99.036,"62":99.04,"63":99.162,"64":99.064,"65":99.14,"66":99.0,"67":99.164,"68":99.106,"69":99.212,"70":99.294,"71":99.302,"72":99.22,"73":99.208,"74":99.182,"75":99.16,"76":99.222,"77":99.306,"78":99.316,"79":99.278,"80":99.13,"81":99.282,"82":99.382,"83":99.286,"84":99.26,"85":99.264,"86":99.31,"87":99.32,"88":99.382,"89":99.372,"90":99.394,"91":99.434,"92":99.516,"93":99.412,"94":99.396,"95":99.406,"96":99.316,"97":99.434,"98":99.39,"99":99.368},"Test Loss":{"0":0.0144577274,"1":0.0122074479,"2":0.0103276627,"3":0.0096262203,"4":0.0085957341,"5":0.0079800295,"6":0.0078519652,"7":0.0076192628,"8":0.0077544115,"9":0.0073152568,"10":0.007075277,"11":0.0074139848,"12":0.0074303563,"13":0.0077006678,"14":0.0074059986,"15":0.0074762672,"16":0.0076584764,"17":0.0084369219,"18":0.0084231112,"19":0.0093354526,"20":0.008946312,"21":0.0092770442,"22":0.0086043461,"23":0.0096025376,"24":0.0093270239,"25":0.0101557631,"26":0.010187124,"27":0.0104932675,"28":0.0111489187,"29":0.010583283,"30":0.0113438244,"31":0.0110490217,"32":0.0109155055,"33":0.0109074201,"34":0.0121083025,"35":0.0117122705,"36":0.0117015761,"37":0.01227438,"38":0.0113404452,"39":0.0124214594,"40":0.0118240655,"41":0.0119840452,"42":0.0134928126,"43":0.0135253259,"44":0.0117996123,"45":0.0122051811,"46":0.0135449288,"47":0.0121292847,"48":0.0127686755,"49":0.0125343341,"50":0.0128985488,"51":0.0131557694,"52":0.0129228828,"53":0.0128399245,"54":0.0133218043,"55":0.0134786051,"56":0.0130401631,"57":0.013474646,"58":0.0128607476,"59":0.0136876894,"60":0.0133572892,"61":0.0135114974,"62":0.0132180045,"63":0.0133420707,"64":0.0136990441,"65":0.0138336322,"66":0.0131737446,"67":0.0132966469,"68":0.0137509078,"69":0.0133628573,"70":0.0131439585,"71":0.0145676331,"72":0.0138757246,"73":0.0132921174,"74":0.0136732481,"75":0.0138931191,"76":0.0130033873,"77":0.013923205,"78":0.0138168298,"79":0.0144318317,"80":0.013959238,"81":0.0141995358,"82":0.0143969958,"83":0.0141028129,"84":0.0133684741,"85":0.013373254,"86":0.0143645453,"87":0.013772617,"88":0.0132122224,"89":0.0145072877,"90":0.0131187716,"91":0.0135231313,"92":0.0137105972,"93":0.0135602461,"94":0.0139065735,"95":0.013411096,"96":0.013166456,"97":0.0136829967,"98":0.0140535009,"99":0.0136460671},"Test Accuracy":{"0":27.51,"1":39.96,"2":52.85,"3":56.9,"4":62.85,"5":64.99,"6":65.76,"7":67.22,"8":68.05,"9":68.9,"10":71.44,"11":70.22,"12":70.94,"13":70.11,"14":72.13,"15":71.75,"16":72.46,"17":71.51,"18":72.0,"19":71.13,"20":72.89,"21":72.24,"22":72.43,"23":72.3,"24":72.59,"25":72.22,"26":72.03,"27":72.32,"28":72.31,"29":72.82,"30":72.69,"31":73.0,"32":72.45,"33":72.27,"34":72.69,"35":72.64,"36":72.47,"37":72.65,"38":71.89,"39":71.85,"40":72.95,"41":73.37,"42":72.18,"43":72.81,"44":73.17,"45":73.67,"46":72.7,"47":73.32,"48":72.98,"49":73.86,"50":72.83,"51":73.45,"52":73.25,"53":73.62,"54":73.27,"55":73.28,"56":72.95,"57":73.83,"58":73.63,"59":72.96,"60":73.27,"61":73.7,"62":73.79,"63":73.58,"64":73.27,"65":73.48,"66":73.25,"67":73.16,"68":72.99,"69":73.45,"70":73.97,"71":73.94,"72":73.3,"73":73.1,"74":73.36,"75":72.9,"76":73.69,"77":73.85,"78":73.63,"79":73.1,"80":73.28,"81":73.55,"82":73.82,"83":73.5,"84":73.29,"85":73.22,"86":72.66,"87":73.38,"88":73.47,"89":73.39,"90":73.87,"91":74.01,"92":73.37,"93":73.25,"94":73.64,"95":73.26,"96":73.93,"97":73.91,"98":73.99,"99":73.35}}