{"Epoch":{"0":1,"1":2,"2":3,"3":4,"4":5,"5":6,"6":7,"7":8,"8":9,"9":10,"10":11,"11":12,"12":13,"13":14,"14":15,"15":16,"16":17,"17":18,"18":19,"19":20,"20":21,"21":22,"22":23,"23":24,"24":25,"25":26,"26":27,"27":28,"28":29,"29":30,"30":31,"31":32,"32":33,"33":34,"34":35,"35":36,"36":37,"37":38,"38":39,"39":40,"40":41,"41":42,"42":43,"43":44,"44":45,"45":46,"46":47,"47":48,"48":49,"49":50,"50":51,"51":52,"52":53,"53":54,"54":55,"55":56,"56":57,"57":58,"58":59,"59":60,"60":61,"61":62,"62":63,"63":64,"64":65,"65":66,"66":67,"67":68,"68":69,"69":70,"70":71,"71":72,"72":73,"73":74,"74":75,"75":76,"76":77,"77":78,"78":79,"79":80,"80":81,"81":82,"82":83,"83":84,"84":85,"85":86,"86":87,"87":88,"88":89,"89":90,"90":91,"91":92,"92":93,"93":94,"94":95,"95":96,"96":97,"97":98,"98":99,"99":100},"Train Loss":{"0":0.0196483419,"1":0.0155011377,"2":0.0169614714,"3":0.0142155314,"4":0.0125203564,"5":0.0124325723,"6":0.0117364386,"7":0.0107994914,"8":0.0105155326,"9":0.0099910508,"10":0.0090824877,"11":0.0089255515,"12":0.0083394948,"13":0.0076865702,"14":0.008705759,"15":0.0094387105,"16":0.0082586489,"17":0.007681846,"18":0.0068475133,"19":0.0060470169,"20":0.0058752048,"21":0.0059604213,"22":0.0068828813,"23":0.0054441629,"24":0.0050049853,"25":0.0058282109,"26":0.0072696399,"27":0.0058095122,"28":0.0051379105,"29":0.0045592379,"30":0.0042787898,"31":0.0035274171,"32":0.0030425128,"33":0.0027564599,"34":0.0024660042,"35":0.0022522208,"36":0.0021412136,"37":0.0019018354,"38":0.0017827475,"39":0.0016871393,"40":0.0014820573,"41":0.0013888922,"42":0.0013017706,"43":0.0011938698,"44":0.0011242964,"45":0.0010656599,"46":0.0009688126,"47":0.0008948208,"48":0.0008423432,"49":0.0008509936,"50":0.000775445,"51":0.0006948328,"52":0.0007256286,"53":0.0006623076,"54":0.0006451038,"55":0.0006384506,"56":0.0006010914,"57":0.0005513232,"58":0.0005316613,"59":0.0005588356,"60":0.0005174695,"61":0.0004837718,"62":0.0004830474,"63":0.0004405912,"64":0.0004231981,"65":0.0004490976,"66":0.0003972056,"67":0.0004242476,"68":0.0004064025,"69":0.0003663544,"70":0.0003620282,"71":0.0003491268,"72":0.0003468931,"73":0.0003415424,"74":0.0003355393,"75":0.0003766443,"76":0.0003279683,"77":0.0003219217,"78":0.0003104775,"79":0.0002967158,"80":0.0003054041,"81":0.0002657205,"82":0.0002542032,"83":0.0002691747,"84":0.0002973017,"85":0.0002769355,"86":0.0002539745,"87":0.0002401546,"88":0.0002655434,"89":0.0002474852,"90":0.0002511937,"91":0.0002559001,"92":0.000212767,"93":0.000243289,"94":0.0002053999,"95":0.0002330733,"96":0.000213163,"97":0.0002136844,"98":0.0002312733,"99":0.0002371403},"Train Accuracy":{"0":32.744,"1":42.932,"2":36.05,"3":43.808,"4":49.522,"5":51.576,"6":54.424,"7":58.24,"8":58.386,"9":61.32,"10":64.114,"11":64.156,"12":66.69,"13":69.042,"14":66.994,"15":63.102,"16":67.54,"17":70.884,"18":73.11,"19":75.626,"20":77.112,"21":77.23,"22":73.046,"23":78.77,"24":81.004,"25":77.404,"26":70.426,"27":76.884,"28":79.848,"29":81.922,"30":82.74,"31":84.324,"32":86.584,"33":87.844,"34":88.89,"35":89.928,"36":90.584,"37":91.548,"38":92.016,"39":92.426,"40":93.288,"41":93.736,"42":94.294,"43":94.62,"44":95.066,"45":95.196,"46":95.686,"47":95.98,"48":96.306,"49":96.184,"50":96.57,"51":96.818,"52":96.788,"53":97.116,"54":97.068,"55":97.11,"56":97.32,"57":97.532,"58":97.616,"59":97.512,"60":97.736,"61":97.872,"62":97.87,"63":98.082,"64":98.154,"65":98.01,"66":98.228,"67":98.136,"68":98.282,"69":98.352,"70":98.39,"71":98.48,"72":98.47,"73":98.48,"74":98.486,"75":98.322,"76":98.508,"77":98.566,"78":98.626,"79":98.692,"80":98.632,"81":98.812,"82":98.882,"83":98.826,"84":98.658,"85":98.82,"86":98.864,"87":98.972,"88":98.82,"89":98.904,"90":98.896,"91":98.91,"92":99.038,"93":98.95,"94":99.052,"95":98.96,"96":99.054,"97":99.102,"98":99.022,"99":98.968},"Test Loss":{"0":0.0761827686,"1":0.01845848,"2":0.0345926933,"3":0.0155503542,"4":0.0188909279,"5":0.0105976524,"6":0.0117293102,"7":0.0360617734,"8":0.0156594155,"9":0.0122378023,"10":0.3042366239,"11":0.008255622,"12":0.008912366,"13":0.0103629759,"14":0.0354061292,"15":0.0095795885,"16":0.0083167362,"17":0.0112944537,"18":0.0302518818,"19":0.0098510317,"20":0.0141113745,"21":0.0079377618,"22":0.0167584734,"23":0.0074068478,"24":0.0164353924,"25":0.0218505642,"26":0.0093158489,"27":0.0088490439,"28":0.0145919939,"29":0.0085227194,"30":0.0076393803,"31":0.0068977902,"32":0.0105544788,"33":0.0076370852,"34":0.0078482864,"35":0.0091947381,"36":0.008480432,"37":0.0085699295,"38":0.008326188,"39":0.009472226,"40":0.0104699827,"41":0.0100470085,"42":0.0095584157,"43":0.0093828455,"44":0.0149091587,"45":0.0136347639,"46":0.0128677684,"47":0.0102838182,"48":0.0113703979,"49":0.0115926661,"50":0.0126562682,"51":0.0113518645,"52":0.0168166365,"53":0.011604458,"54":0.0108995124,"55":0.0116463655,"56":0.0101529,"57":0.013814218,"58":0.0111893498,"59":0.0111196273,"60":0.0108474104,"61":0.0107655838,"62":0.0119782693,"63":0.0119378931,"64":0.0113068677,"65":0.0126000429,"66":0.0121549627,"67":0.0127799803,"68":0.0121971013,"69":0.0132699029,"70":0.0145449802,"71":0.0121031155,"72":0.0137785154,"73":0.0116087674,"74":0.0122790433,"75":0.0140884399,"76":0.0116420281,"77":0.011678666,"78":0.0130494116,"79":0.0121939015,"80":0.0119837557,"81":0.0122711857,"82":0.0128075926,"83":0.0148031057,"84":0.0126532125,"85":0.0136856914,"86":0.012398951,"87":0.0124121367,"88":0.0122169254,"89":0.0124166777,"90":0.0126384644,"91":0.0125479928,"92":0.0130213108,"93":0.0122508475,"94":0.0137663077,"95":0.0126401044,"96":0.0129329617,"97":0.0121405495,"98":0.012596434,"99":0.0132830348},"Test Accuracy":{"0":36.9,"1":44.84,"2":41.87,"3":47.49,"4":51.87,"5":52.51,"6":55.53,"7":56.44,"8":59.41,"9":60.78,"10":54.76,"11":64.97,"12":65.25,"13":66.73,"14":63.47,"15":62.04,"16":66.38,"17":67.87,"18":69.03,"19":71.12,"20":70.95,"21":65.21,"22":70.73,"23":71.61,"24":71.62,"25":70.85,"26":67.47,"27":69.16,"28":70.17,"29":71.34,"30":71.16,"31":72.11,"32":72.61,"33":73.17,"34":72.6,"35":72.55,"36":72.57,"37":73.7,"38":73.21,"39":73.08,"40":73.23,"41":73.45,"42":74.37,"43":73.91,"44":73.66,"45":73.67,"46":73.55,"47":73.97,"48":74.28,"49":74.4,"50":73.43,"51":74.32,"52":74.44,"53":74.34,"54":74.62,"55":74.39,"56":74.94,"57":74.83,"58":74.93,"59":74.23,"60":74.93,"61":75.13,"62":74.47,"63":74.69,"64":75.04,"65":74.85,"66":74.99,"67":74.57,"68":74.84,"69":74.88,"70":74.94,"71":75.57,"72":74.97,"73":75.09,"74":74.66,"75":74.2,"76":75.58,"77":75.21,"78":74.92,"79":75.2,"80":75.94,"81":75.9,"82":75.64,"83":74.93,"84":74.95,"85":75.52,"86":75.57,"87":75.59,"88":76.01,"89":75.81,"90":75.26,"91":75.39,"92":75.65,"93":75.55,"94":75.11,"95":74.68,"96":75.3,"97":76.04,"98":75.73,"99":75.3}}