{"Epoch":{"0":1,"1":2,"2":3,"3":4,"4":5,"5":6,"6":7,"7":8,"8":9,"9":10,"10":11,"11":12,"12":13,"13":14,"14":15,"15":16,"16":17,"17":18,"18":19,"19":20,"20":21,"21":22,"22":23,"23":24,"24":25,"25":26,"26":27,"27":28,"28":29,"29":30,"30":31,"31":32,"32":33,"33":34,"34":35,"35":36,"36":37,"37":38,"38":39,"39":40},"Train Loss":{"0":0.1216328092,"1":0.0820127136,"2":0.0669587695,"3":0.0417247648,"4":0.0266576895,"5":0.0263340162,"6":0.0291091301,"7":0.0255113438,"8":0.0260539839,"9":0.0243604229,"10":0.0236150551,"11":0.023348025,"12":0.0224510418,"13":0.0216485962,"14":0.0228202103,"15":0.0249516841,"16":0.022730541,"17":0.0230713713,"18":0.0240876992,"19":0.0225625576,"20":0.022860481,"21":0.0216867205,"22":0.0212103925,"23":0.0212918455,"24":0.0225197044,"25":0.0217898618,"26":0.0205615623,"27":0.0202468368,"28":0.0249310933,"29":0.0239041785,"30":0.0232161575,"31":0.0232259987,"32":0.0216727892,"33":0.0228797871,"34":0.0218716082,"35":0.0217404599,"36":0.0208802968,"37":0.0206872186,"38":0.0306451771,"39":0.0237319871},"Train Accuracy":{"0":0.0,"1":35.8695652174,"2":29.347826087,"3":40.2173913043,"4":45.652173913,"5":52.1739130435,"6":42.3913043478,"7":52.1739130435,"8":51.0869565217,"9":47.8260869565,"10":55.4347826087,"11":40.2173913043,"12":52.1739130435,"13":53.2608695652,"14":47.8260869565,"15":50.0,"16":55.4347826087,"17":55.4347826087,"18":52.1739130435,"19":58.6956521739,"20":48.9130434783,"21":57.6086956522,"22":63.0434782609,"23":65.2173913043,"24":55.4347826087,"25":64.1304347826,"26":65.2173913043,"27":66.3043478261,"28":52.1739130435,"29":52.1739130435,"30":55.4347826087,"31":52.1739130435,"32":70.652173913,"33":56.5217391304,"34":61.9565217391,"35":63.0434782609,"36":64.1304347826,"37":57.6086956522,"38":63.0434782609,"39":52.1739130435},"Test Loss":{"0":0.0350165367,"1":0.0918878019,"2":0.0675960829,"3":0.0310425137,"4":0.0364332398,"5":0.0337633391,"6":0.0287279064,"7":0.0317383111,"8":0.0282168984,"9":0.0278418859,"10":0.0296432748,"11":0.0283851847,"12":0.0263180037,"13":0.0261878421,"14":0.0313899294,"15":0.0279245103,"16":0.0273606305,"17":0.027125967,"18":0.0279085115,"19":0.0282551746,"20":0.0267213161,"21":0.0262158935,"22":0.0248916075,"23":0.0275599435,"24":0.0252479538,"25":0.0235911186,"26":0.0226061245,"27":0.0315989057,"28":0.0249537503,"29":0.0264618521,"30":0.0288027525,"31":0.0272199735,"32":0.0282323087,"33":0.0215447222,"34":0.0257525419,"35":0.0250588879,"36":0.0207176059,"37":0.0153420704,"38":0.021102945,"39":0.0297213321},"Test Accuracy":{"0":41.6666666667,"1":37.5,"2":41.6666666667,"3":58.3333333333,"4":41.6666666667,"5":58.3333333333,"6":54.1666666667,"7":41.6666666667,"8":66.6666666667,"9":58.3333333333,"10":58.3333333333,"11":41.6666666667,"12":58.3333333333,"13":75.0,"14":41.6666666667,"15":58.3333333333,"16":62.5,"17":58.3333333333,"18":58.3333333333,"19":45.8333333333,"20":91.6666666667,"21":58.3333333333,"22":70.8333333333,"23":58.3333333333,"24":66.6666666667,"25":70.8333333333,"26":70.8333333333,"27":58.3333333333,"28":66.6666666667,"29":58.3333333333,"30":58.3333333333,"31":95.8333333333,"32":58.3333333333,"33":87.5,"34":83.3333333333,"35":58.3333333333,"36":62.5,"37":83.3333333333,"38":75.0,"39":41.6666666667}}