{"Epoch":{"0":1,"1":2,"2":3,"3":4,"4":5,"5":6,"6":7,"7":8,"8":9,"9":10,"10":11,"11":12,"12":13,"13":14,"14":15,"15":16,"16":17,"17":18,"18":19,"19":20,"20":21,"21":22,"22":23,"23":24,"24":25,"25":26,"26":27,"27":28,"28":29,"29":30,"30":31,"31":32,"32":33,"33":34,"34":35,"35":36,"36":37,"37":38,"38":39,"39":40},"Train Loss":{"0":0.0852728719,"1":0.0055534098,"2":0.0051772539,"3":0.0024350682,"4":0.0017769132,"5":0.0003640739,"6":0.0005024944,"7":0.0002909279,"8":0.0001917303,"9":0.000215692,"10":0.0001749764,"11":0.0003641381,"12":0.0012652514,"13":0.000083196,"14":0.0018171815,"15":0.0001394573,"16":0.000032974,"17":0.0007157636,"18":0.000945708,"19":0.0000731589,"20":0.0000311609,"21":0.0000674111,"22":0.0000430353,"23":0.0000868075,"24":0.0001329074,"25":0.0001828286,"26":0.0000277829,"27":0.000039353,"28":0.0000709054,"29":0.0000702494,"30":0.0000138105,"31":0.0000199203,"32":0.0000042636,"33":0.0000023557,"34":0.0000052736,"35":0.0000239371,"36":0.0000023143,"37":0.0000053089,"38":0.0000272096,"39":0.0000091148},"Train Accuracy":{"0":30.4347826087,"1":93.4782608696,"2":94.5652173913,"3":98.9130434783,"4":97.8260869565,"5":100.0,"6":98.9130434783,"7":100.0,"8":100.0,"9":100.0,"10":100.0,"11":98.9130434783,"12":97.8260869565,"13":100.0,"14":97.8260869565,"15":100.0,"16":100.0,"17":98.9130434783,"18":98.9130434783,"19":100.0,"20":100.0,"21":100.0,"22":100.0,"23":100.0,"24":100.0,"25":100.0,"26":100.0,"27":100.0,"28":100.0,"29":100.0,"30":100.0,"31":100.0,"32":100.0,"33":100.0,"34":100.0,"35":100.0,"36":100.0,"37":100.0,"38":100.0,"39":100.0},"Test Loss":{"0":0.3480721712,"1":0.1570605139,"2":0.0516970108,"3":0.0338608325,"4":0.0576372196,"5":0.0784256508,"6":0.0635541081,"7":0.032060643,"8":0.0084262323,"9":0.0014737194,"10":0.0005057404,"11":0.002163835,"12":0.006058968,"13":0.0066089494,"14":0.0051391221,"15":0.0014802435,"16":0.0003169017,"17":0.0000180328,"18":0.0000121337,"19":0.0000176079,"20":0.0000215774,"21":0.0000188199,"22":0.0000116646,"23":0.0000089237,"24":0.0000136666,"25":0.0000219691,"26":0.0000425827,"27":0.0000606739,"28":0.0000761719,"29":0.0000782549,"30":0.0000694415,"31":0.0000482336,"32":0.0000364175,"33":0.0000276006,"34":0.0000217609,"35":0.0000227187,"36":0.0000205424,"37":0.0000197199,"38":0.0000136669,"39":0.0000116092},"Test Accuracy":{"0":41.6666666667,"1":41.6666666667,"2":54.1666666667,"3":66.6666666667,"4":54.1666666667,"5":41.6666666667,"6":45.8333333333,"7":66.6666666667,"8":87.5,"9":100.0,"10":100.0,"11":95.8333333333,"12":95.8333333333,"13":95.8333333333,"14":95.8333333333,"15":95.8333333333,"16":100.0,"17":100.0,"18":100.0,"19":100.0,"20":100.0,"21":100.0,"22":100.0,"23":100.0,"24":100.0,"25":100.0,"26":100.0,"27":100.0,"28":100.0,"29":100.0,"30":100.0,"31":100.0,"32":100.0,"33":100.0,"34":100.0,"35":100.0,"36":100.0,"37":100.0,"38":100.0,"39":100.0}}