{"Epoch":{"0":1,"1":2,"2":3,"3":4,"4":5,"5":6,"6":7,"7":8,"8":9,"9":10,"10":11,"11":12,"12":13,"13":14,"14":15,"15":16,"16":17,"17":18,"18":19,"19":20,"20":21,"21":22,"22":23,"23":24,"24":25,"25":26,"26":27,"27":28,"28":29,"29":30,"30":31,"31":32,"32":33,"33":34,"34":35,"35":36,"36":37,"37":38,"38":39,"39":40},"Train Loss":{"0":0.000091209,"1":0.0003519239,"2":0.0007766345,"3":0.0018697633,"4":0.001290574,"5":0.0010285727,"6":0.0008882092,"7":0.0013774884,"8":0.000854563,"9":0.0007802989,"10":0.0065123503,"11":0.0001690747,"12":0.00647337,"13":0.0086302455,"14":0.0023477701,"15":0.0023824033,"16":0.0001536376,"17":0.0009576036,"18":0.001462815,"19":0.0002691314,"20":0.0000955888,"21":0.0001644817,"22":0.0002360992,"23":0.0000397657,"24":0.0001041474,"25":0.0000430105,"26":0.0001549323,"27":0.0000216076,"28":0.0000191634,"29":0.0005328888,"30":0.0001069355,"31":0.0000144562,"32":0.000017015,"33":0.0001897959,"34":0.0000310053,"35":0.0000607402,"36":0.0000148214,"37":0.0000097153,"38":0.0000424082,"39":0.0000234374},"Train Accuracy":{"0":100.0,"1":98.9130434783,"2":98.9130434783,"3":97.8260869565,"4":97.8260869565,"5":98.9130434783,"6":98.9130434783,"7":97.8260869565,"8":98.9130434783,"9":98.9130434783,"10":95.652173913,"11":100.0,"12":96.7391304348,"13":94.5652173913,"14":95.652173913,"15":96.7391304348,"16":100.0,"17":98.9130434783,"18":97.8260869565,"19":100.0,"20":100.0,"21":100.0,"22":100.0,"23":100.0,"24":100.0,"25":100.0,"26":100.0,"27":100.0,"28":100.0,"29":98.9130434783,"30":100.0,"31":100.0,"32":100.0,"33":100.0,"34":100.0,"35":100.0,"36":100.0,"37":100.0,"38":100.0,"39":100.0},"Test Loss":{"0":0.0832272122,"1":0.0311808512,"2":0.0003239713,"3":0.0204568009,"4":0.0067874249,"5":0.0636491577,"6":0.066881458,"7":0.0125484988,"8":0.1468260785,"9":0.1773052017,"10":0.0030433722,"11":0.0213578219,"12":0.0261219069,"13":0.0093745639,"14":0.001819725,"15":0.0006275254,"16":0.0054901193,"17":0.0086026707,"18":0.0070232345,"19":0.000908273,"20":0.0002899949,"21":0.0003968082,"22":0.0006207056,"23":0.0012575996,"24":0.0025255874,"25":0.0029251318,"26":0.00141154,"27":0.0005072881,"28":0.00036355,"29":0.0125985965,"30":0.0053045073,"31":0.0026793052,"32":0.0005667792,"33":0.000321689,"34":0.0001732166,"35":0.0000832572,"36":0.0000727697,"37":0.000062314,"38":0.000075841,"39":0.0000694569},"Test Accuracy":{"0":75.0,"1":87.5,"2":100.0,"3":95.8333333333,"4":95.8333333333,"5":87.5,"6":87.5,"7":95.8333333333,"8":75.0,"9":75.0,"10":95.8333333333,"11":83.3333333333,"12":79.1666666667,"13":91.6666666667,"14":100.0,"15":100.0,"16":91.6666666667,"17":91.6666666667,"18":91.6666666667,"19":100.0,"20":100.0,"21":100.0,"22":100.0,"23":100.0,"24":95.8333333333,"25":95.8333333333,"26":100.0,"27":100.0,"28":100.0,"29":87.5,"30":95.8333333333,"31":95.8333333333,"32":100.0,"33":100.0,"34":100.0,"35":100.0,"36":100.0,"37":100.0,"38":100.0,"39":100.0}}